{"cameraMode":{"drawMode":0,"name":"Shaded","section":"Shading Mode"},"sceneLighting":false,"audioPlay":false,"sceneViewState":{"showFog":true,"showMaterialUpdate":false,"showSkybox":false,"showFlares":true,"showImageEffects":true,"showParticleSystems":true},"in2DMode":false,"pivot":{"x":0.0954359769821167,"y":-0.10340103507041931,"z":0.2139480710029602},"rotation":{"x":0.08925151824951172,"y":0.11742031574249268,"z":-0.010594507679343224,"w":0.9890068173408508},"size":0.8450422286987305,"orthographic":true}