{"cameraMode":{"drawMode":0,"name":"Shaded","section":"Shading Mode"},"sceneLighting":false,"audioPlay":false,"sceneViewState":{"showFog":true,"showMaterialUpdate":false,"showSkybox":false,"showFlares":true,"showImageEffects":true,"showParticleSystems":true},"in2DMode":false,"pivot":{"x":-0.006421267986297607,"y":-0.8910807967185974,"z":0.0020884573459625246},"rotation":{"x":-0.13089154660701753,"y":-0.4921148419380188,"z":0.07512876391410828,"w":-0.8573482632637024},"size":1.9230656623840333,"orthographic":true}