{"cameraMode":{"drawMode":0,"name":"Shaded","section":"Shading Mode"},"sceneLighting":true,"audioPlay":false,"sceneViewState":{"showFog":true,"showMaterialUpdate":false,"showSkybox":true,"showFlares":true,"showImageEffects":true,"showParticleSystems":true},"in2DMode":false,"pivot":{"x":1.1837968826293946,"y":-0.7561933994293213,"z":0.09192228317260742},"rotation":{"x":0.08925151824951172,"y":0.11742031574249268,"z":-0.010594507679343224,"w":0.9890068173408508},"size":7.099977970123291,"orthographic":true}