{"cameraMode":{"drawMode":0,"name":"Shaded","section":"Shading Mode"},"sceneLighting":true,"audioPlay":false,"sceneViewState":{"showFog":true,"showMaterialUpdate":false,"showSkybox":true,"showFlares":true,"showImageEffects":true,"showParticleSystems":true},"in2DMode":false,"pivot":{"x":1.4183903932571412,"y":-0.6223909854888916,"z":0.12858328223228455},"rotation":{"x":0.0033923021983355285,"y":-0.6571212410926819,"z":0.0029567484743893148,"w":0.7537715435028076},"size":0.27323633432388308,"orthographic":false}