{"cameraMode":{"drawMode":0,"name":"Shaded","section":"Shading Mode"},"sceneLighting":false,"audioPlay":false,"sceneViewState":{"showFog":true,"showMaterialUpdate":false,"showSkybox":false,"showFlares":true,"showImageEffects":true,"showParticleSystems":true},"in2DMode":false,"pivot":{"x":0.00029734522104263306,"y":-2.2758398056030275,"z":0.010498583316802979},"rotation":{"x":-0.0217430517077446,"y":0.7230977416038513,"z":-0.022785121574997903,"w":-0.6900273561477661},"size":0.510239839553833,"orthographic":true}