{"cameraMode":{"drawMode":0,"name":"Shaded","section":"Shading Mode"},"sceneLighting":false,"audioPlay":false,"sceneViewState":{"showFog":true,"showMaterialUpdate":false,"showSkybox":false,"showFlares":true,"showImageEffects":true,"showParticleSystems":true},"in2DMode":false,"pivot":{"x":0.0029518194496631624,"y":-0.8791359663009644,"z":-0.0019226549193263054},"rotation":{"x":0.30000409483909609,"y":-0.5958390235900879,"z":0.25543636083602908,"w":0.6998040676116943},"size":0.1492646485567093,"orthographic":true}