{"cameraMode":{"drawMode":0,"name":"Shaded","section":"Shading Mode"},"sceneLighting":false,"audioPlay":false,"sceneViewState":{"showFog":true,"showMaterialUpdate":false,"showSkybox":false,"showFlares":true,"showImageEffects":true,"showParticleSystems":true},"in2DMode":false,"pivot":{"x":0.13421091437339784,"y":-1.0273183584213257,"z":-0.09833725541830063},"rotation":{"x":0.0050926823168993,"y":-0.7337316870689392,"z":0.005504200700670481,"w":0.6793980002403259},"size":0.7995083332061768,"orthographic":true}