{"cameraMode":{"drawMode":0,"name":"Shaded","section":"Shading Mode"},"sceneLighting":false,"audioPlay":false,"sceneViewState":{"showFog":true,"showMaterialUpdate":false,"showSkybox":false,"showFlares":true,"showImageEffects":true,"showParticleSystems":true},"in2DMode":false,"pivot":{"x":98.80001831054688,"y":0.2999992370605469,"z":-0.000011444091796875},"rotation":{"x":-0.04474757984280586,"y":-0.1022971123456955,"z":0.004604796878993511,"w":-0.9937362670898438},"size":3010.8369140625,"orthographic":true}