{"cameraMode":{"drawMode":0,"name":"Shaded","section":"Shading Mode"},"sceneLighting":false,"audioPlay":false,"sceneViewState":{"showFog":true,"showMaterialUpdate":false,"showSkybox":false,"showFlares":true,"showImageEffects":true,"showParticleSystems":true},"in2DMode":false,"pivot":{"x":0.0029518194496631624,"y":-0.8791359663009644,"z":-0.0019226549193263054},"rotation":{"x":0.006347774062305689,"y":-0.5322958827018738,"z":0.003992924932390451,"w":0.8465251922607422},"size":0.528935432434082,"orthographic":true}