{"cameraMode":{"drawMode":1,"name":"Wireframe","section":"Shading Mode"},"sceneLighting":true,"audioPlay":false,"sceneViewState":{"showFog":true,"showMaterialUpdate":false,"showSkybox":true,"showFlares":true,"showImageEffects":true,"showParticleSystems":true},"in2DMode":false,"pivot":{"x":1.4289339780807496,"y":-0.6130755543708801,"z":0.09535910189151764},"rotation":{"x":0.021725742146372796,"y":-0.7521905303001404,"z":0.024831406772136689,"w":0.6581191420555115},"size":0.32894402742385867,"orthographic":false}