{"cameraMode":{"drawMode":0,"name":"Shaded","section":"Shading Mode"},"sceneLighting":true,"audioPlay":false,"sceneViewState":{"showFog":true,"showMaterialUpdate":false,"showSkybox":true,"showFlares":true,"showImageEffects":true,"showParticleSystems":true},"in2DMode":false,"pivot":{"x":35.04322052001953,"y":4.720690727233887,"z":-39.50730514526367},"rotation":{"x":-0.08871249109506607,"y":-0.685570240020752,"z":0.08475124090909958,"w":-0.7175937294960022},"size":56.82687759399414,"orthographic":true}