{"cameraMode":{"drawMode":0,"name":"Shaded","section":"Shading Mode"},"sceneLighting":false,"audioPlay":false,"sceneViewState":{"showFog":true,"showMaterialUpdate":false,"showSkybox":false,"showFlares":true,"showImageEffects":true,"showParticleSystems":true},"in2DMode":false,"pivot":{"x":0.00029177963733673096,"y":-0.7885057926177979,"z":0.010302245616912842},"rotation":{"x":-0.07890639454126358,"y":0.3386880159378052,"z":-0.02851712703704834,"w":-0.9371504783630371},"size":0.5906444787979126,"orthographic":true}