{"cameraMode":{"drawMode":0,"name":"Shaded","section":"Shading Mode"},"sceneLighting":false,"audioPlay":false,"sceneViewState":{"showFog":true,"showMaterialUpdate":false,"showSkybox":false,"showFlares":true,"showImageEffects":true,"showParticleSystems":true},"in2DMode":false,"pivot":{"x":1.194000005722046,"y":-0.9459999799728394,"z":0.5709999799728394},"rotation":{"x":0.07133971154689789,"y":0.8664386868476868,"z":-0.1296190321445465,"w":0.4768580496311188},"size":0.000057235301937907934,"orthographic":true}