{"cameraMode":{"drawMode":0,"name":"Shaded","section":"Shading Mode"},"sceneLighting":false,"audioPlay":false,"sceneViewState":{"showFog":true,"showMaterialUpdate":false,"showSkybox":false,"showFlares":true,"showImageEffects":true,"showParticleSystems":true},"in2DMode":false,"pivot":{"x":4.426139831542969,"y":-1.9082489013671876,"z":0.6067619323730469},"rotation":{"x":-0.31406134366989138,"y":-0.3491338789463043,"z":0.12546785175800324,"w":-0.8739157915115356},"size":177.5655059814453,"orthographic":true}