{"cameraMode":{"drawMode":0,"name":"Shaded","section":"Shading Mode"},"sceneLighting":false,"audioPlay":false,"sceneViewState":{"showFog":true,"showMaterialUpdate":false,"showSkybox":false,"showFlares":true,"showImageEffects":true,"showParticleSystems":true},"in2DMode":false,"pivot":{"x":0.028786253184080125,"y":0.023131046444177629,"z":-0.0035622641444206239},"rotation":{"x":-0.07890639454126358,"y":0.3386880159378052,"z":-0.02851712703704834,"w":-0.9371504783630371},"size":0.17253871262073518,"orthographic":true}