{"cameraMode":{"drawMode":0,"name":"Shaded","section":"Shading Mode"},"sceneLighting":false,"audioPlay":false,"sceneViewState":{"showFog":true,"showMaterialUpdate":false,"showSkybox":false,"showFlares":true,"showImageEffects":true,"showParticleSystems":true},"in2DMode":false,"pivot":{"x":-0.009726732969284058,"y":-0.6544350385665894,"z":-0.005092263221740723},"rotation":{"x":-0.0007903549121692777,"y":-0.9971336126327515,"z":0.0749247670173645,"w":-0.010502195917069912},"size":1.0306450128555298,"orthographic":true}