{"cameraMode":{"drawMode":0,"name":"Shaded","section":"Shading Mode"},"sceneLighting":false,"audioPlay":false,"sceneViewState":{"showFog":true,"showMaterialUpdate":false,"showSkybox":false,"showFlares":true,"showImageEffects":true,"showParticleSystems":true},"in2DMode":false,"pivot":{"x":1.813997745513916,"y":-1.2222201824188233,"z":2.1102449893951418},"rotation":{"x":-0.0844608023762703,"y":-0.2934875190258026,"z":0.026040468364953996,"w":-0.9518683552742004},"size":2.9211480617523195,"orthographic":true}