{"cameraMode":{"drawMode":0,"name":"Shaded","section":"Shading Mode"},"sceneLighting":false,"audioPlay":false,"sceneViewState":{"showFog":true,"showMaterialUpdate":false,"showSkybox":false,"showFlares":true,"showImageEffects":true,"showParticleSystems":true},"in2DMode":false,"pivot":{"x":0.017544731497764589,"y":-0.6543997526168823,"z":-0.015165522694587708},"rotation":{"x":0.03322911635041237,"y":-0.6984801292419434,"z":0.03250310570001602,"w":0.7141183018684387},"size":1.010661005973816,"orthographic":true}