{"cameraMode":{"drawMode":0,"name":"Shaded","section":"Shading Mode"},"sceneLighting":false,"audioPlay":false,"sceneViewState":{"showFog":true,"showMaterialUpdate":false,"showSkybox":false,"showFlares":true,"showImageEffects":true,"showParticleSystems":true},"in2DMode":false,"pivot":{"x":-0.0032137930393218996,"y":-0.7366544008255005,"z":-0.0029571056365966799},"rotation":{"x":-0.00010472850408405066,"y":-0.9993994235992432,"z":0.0029974528588354589,"w":-0.03452488034963608},"size":1.0570322275161744,"orthographic":true}