{"cameraMode":{"drawMode":0,"name":"Shaded","section":"Shading Mode"},"sceneLighting":true,"audioPlay":false,"sceneViewState":{"showFog":true,"showMaterialUpdate":false,"showSkybox":true,"showFlares":true,"showImageEffects":true,"showParticleSystems":true},"in2DMode":false,"pivot":{"x":1.743614912033081,"y":-0.6143069267272949,"z":-0.9890395402908325},"rotation":{"x":0.05974969640374184,"y":0.5554765462875366,"z":-0.04006178677082062,"w":0.8284146785736084},"size":15.115961074829102,"orthographic":true}