{"cameraMode":{"drawMode":1,"name":"Wireframe","section":"Shading Mode"},"sceneLighting":true,"audioPlay":false,"sceneViewState":{"showFog":true,"showMaterialUpdate":false,"showSkybox":true,"showFlares":true,"showImageEffects":true,"showParticleSystems":true},"in2DMode":false,"pivot":{"x":15.296087265014649,"y":-0.45635831356048586,"z":-0.040886521339416507},"rotation":{"x":0.0189047884196043,"y":0.7136018872261047,"z":-0.019272586330771447,"w":0.7000311017036438},"size":47.27939224243164,"orthographic":false}