{"cameraMode":{"drawMode":0,"name":"Shaded","section":"Shading Mode"},"sceneLighting":false,"audioPlay":false,"sceneViewState":{"showFog":true,"showMaterialUpdate":false,"showSkybox":false,"showFlares":true,"showImageEffects":true,"showParticleSystems":true},"in2DMode":false,"pivot":{"x":-1.2398438453674317,"y":0.28202906250953677,"z":-1.7338322401046754},"rotation":{"x":-0.14667825400829316,"y":-0.4868311583995819,"z":0.08331502228975296,"w":-0.8570528626441956},"size":1.2858628034591675,"orthographic":true}