{"cameraMode":{"drawMode":0,"name":"Shaded","section":"Shading Mode"},"sceneLighting":false,"audioPlay":false,"sceneViewState":{"showFog":true,"showMaterialUpdate":false,"showSkybox":false,"showFlares":true,"showImageEffects":true,"showParticleSystems":true},"in2DMode":false,"pivot":{"x":-0.07208570837974549,"y":-0.7599436044692993,"z":0.00010722875595092773},"rotation":{"x":0.005566864740103483,"y":0.37292972207069399,"z":-0.002236266154795885,"w":0.9278402328491211},"size":0.2637415826320648,"orthographic":true}