{"cameraMode":{"drawMode":0,"name":"Shaded","section":"Shading Mode"},"sceneLighting":false,"audioPlay":false,"sceneViewState":{"showFog":true,"showMaterialUpdate":false,"showSkybox":false,"showFlares":true,"showImageEffects":true,"showParticleSystems":true},"in2DMode":false,"pivot":{"x":-0.44894981384277346,"y":0.6654624938964844,"z":-0.22858810424804688},"rotation":{"x":-0.08871249109506607,"y":-0.685570240020752,"z":0.08475124090909958,"w":-0.7175937294960022},"size":110.64557647705078,"orthographic":true}