{"cameraMode":{"drawMode":1,"name":"Wireframe","section":"Shading Mode"},"sceneLighting":true,"audioPlay":false,"sceneViewState":{"showFog":true,"showMaterialUpdate":false,"showSkybox":true,"showFlares":true,"showImageEffects":true,"showParticleSystems":true},"in2DMode":false,"pivot":{"x":584.2788696289063,"y":960.0,"z":20.605731964111329},"rotation":{"x":0.10305879265069962,"y":-0.070066899061203,"z":0.007277037017047405,"w":0.9921777248382568},"size":3709.24462890625,"orthographic":false}