{"cameraMode":{"drawMode":0,"name":"Shaded","section":"Shading Mode"},"sceneLighting":false,"audioPlay":false,"sceneViewState":{"showFog":true,"showMaterialUpdate":false,"showSkybox":false,"showFlares":true,"showImageEffects":true,"showParticleSystems":true},"in2DMode":false,"pivot":{"x":1.6056573390960694,"y":-3.290642261505127,"z":1.8045004606246949},"rotation":{"x":-0.31406134366989138,"y":-0.3491338789463043,"z":0.12546785175800324,"w":-0.8739157915115356},"size":2.7945122718811037,"orthographic":true}