{"cameraMode":{"drawMode":0,"name":"Shaded","section":"Shading Mode"},"sceneLighting":false,"audioPlay":false,"sceneViewState":{"showFog":true,"showMaterialUpdate":false,"showSkybox":false,"showFlares":true,"showImageEffects":true,"showParticleSystems":true},"in2DMode":false,"pivot":{"x":-0.6359614729881287,"y":-1.3271890878677369,"z":-4.629461288452148},"rotation":{"x":-0.2420685738325119,"y":0.0038032089360058309,"z":-0.0009506119531579316,"w":-0.970251202583313},"size":1.211177945137024,"orthographic":true}