{"cameraMode":{"drawMode":0,"name":"Shaded","section":"Shading Mode"},"sceneLighting":false,"audioPlay":false,"sceneViewState":{"showFog":true,"showMaterialUpdate":false,"showSkybox":false,"showFlares":true,"showImageEffects":true,"showParticleSystems":true},"in2DMode":false,"pivot":{"x":-0.6359614729881287,"y":-1.3271890878677369,"z":-4.629461288452148},"rotation":{"x":-0.07791955024003983,"y":0.003908262122422457,"z":-0.0003071775136049837,"w":-0.9969519376754761},"size":0.7876282334327698,"orthographic":true}