{"cameraMode":{"drawMode":1,"name":"Wireframe","section":"Shading Mode"},"sceneLighting":false,"audioPlay":false,"sceneViewState":{"showFog":true,"showMaterialUpdate":false,"showSkybox":false,"showFlares":true,"showImageEffects":true,"showParticleSystems":true},"in2DMode":false,"pivot":{"x":-0.10000000149011612,"y":1.3271890878677369,"z":-3.9699997901916506},"rotation":{"x":0.04041685163974762,"y":0.6838682889938355,"z":-0.03799422085285187,"w":0.7274937033653259},"size":22.0,"orthographic":false}