{"cameraMode":{"drawMode":1,"name":"Wireframe","section":"Shading Mode"},"sceneLighting":true,"audioPlay":false,"sceneViewState":{"showFog":true,"showMaterialUpdate":false,"showSkybox":true,"showFlares":true,"showImageEffects":true,"showParticleSystems":true},"in2DMode":false,"pivot":{"x":0.01205870509147644,"y":0.43304479122161868,"z":-0.23568236827850343},"rotation":{"x":0.1834486722946167,"y":-0.6794624328613281,"z":0.1814795285463333,"w":0.6868352890014648},"size":2.5661771297454836,"orthographic":false}