{"cameraMode":{"drawMode":0,"name":"Shaded","section":"Shading Mode"},"sceneLighting":false,"audioPlay":false,"sceneViewState":{"showFog":true,"showMaterialUpdate":false,"showSkybox":false,"showFlares":true,"showImageEffects":true,"showParticleSystems":true},"in2DMode":false,"pivot":{"x":-0.021097645163536073,"y":-0.8455657958984375,"z":-0.0014823079109191895},"rotation":{"x":0.013742812909185887,"y":0.7092830538749695,"z":-0.013831453397870064,"w":0.7046541571617127},"size":0.860457181930542,"orthographic":true}